﻿标题,缩略图,香调,topnum,属性,前调,中调,后调
"爱马仕 大地Hermes Terre d'Hermes, 2006",https://img.xssdcdn.com/perfume/449262.jpg!m,辛辣木质调,Top1,男香,橙子 葡萄柚,胡椒 天竺葵,广藿香 雪松 香根草 安息香脂
"汤姆·福特 灰色香根草Tom Ford Grey Vetiver, 2009",https://img.xssdcdn.com/perfume/414474.jpg!m,辛辣木质调,Top2,男香,葡萄柚 橙花 鼠尾草,肉豆蔻 鸢尾根 甜椒,香根草 木质香 琥珀 橡木苔
"爱马仕 大地香精版Hermes Terre d'Hermes Parfum, 2009",https://img.xssdcdn.com/perfume/283964.jpg!m,木质西普调,Top4,男香,葡萄柚 橙子,火石,木质香 橡木苔 安息香脂
"莱俪 墨恋Lalique Encre Noire, 2006",https://img.xssdcdn.com/perfume/109877.jpg!m,木质馥奇香调,Top7,男香,柏树 香根草,香根草,麝香 开司米木
"迪奥 清新之水Dior Eau Sauvage, 1966",https://img.xssdcdn.com/perfume/294895.jpg!m,柑橘馥奇香调,Top9,男香,迷迭香 葛缕子 果香 罗勒 香柠檬 柠檬,芫荽 康乃馨 檀香木 广藿香 鸢尾根 茉莉 玫瑰,琥珀 麝香 橡木苔 香根草
"迪奥 桀骜男士经典古龙Dior Homme Cologne, 2013",https://img.xssdcdn.com/perfume/458291.jpg!m,柑橘馥奇香调,Top11,男香,香柠檬,西柚花,麝香
"娇兰 遗产Guerlain Heritage Eau de Toilette, 1992",https://img.xssdcdn.com/perfume/439881.jpg!m,辛辣木质调,Top12,男香,醛 杜松子 薰衣草 绿叶 紫罗兰 快乐鼠尾草 苦橙叶 香柠檬 柠檬,仙客来 芫荽 康乃馨 广藿香 胡椒 冷杉 鸢尾根 茉莉 铃兰 玫瑰 老鹳草 粉红胡椒,檀香木 琥珀 麝香 橡木苔 雪松
"宝格丽 大吉岭茶Bvlgari Pour Homme, 1996",https://img.xssdcdn.com/perfume/102121.jpg!m,木质花香调,Top20,男香,醛 薰衣草 橘子 茶叶 肉豆蔻 香柠檬 橙花,仙客来 芫荽 康乃馨 鸢尾花 胡椒 愈创木 巴西红木 老鹳草 小豆蔻,零陵香豆 琥珀 麝香 橡木苔 香根草 雪松
"博柏利 伦敦男士（新伦敦）Burberry London for Men, 2006",https://img.xssdcdn.com/perfume/319316.jpg!m,辛辣东方调,Top22,男香,薰衣草 香柠檬 肉桂,含羞草 皮革,红没药 烟草 愈创木 橡木苔
"香奈儿 绅士Chanel Pour Monsieur, 1955",https://img.xssdcdn.com/perfume/649941.jpg!m,西普调,Top25,男香,橙花油 苦橙叶 柠檬,芫荽 生姜 罗勒 小豆蔻,橡木苔 香根草 雪松
